{"cameraMode":{"drawMode":0,"name":"Shaded","section":"Shading Mode"},"sceneLighting":true,"audioPlay":false,"sceneViewState":{"showFog":true,"showMaterialUpdate":false,"showSkybox":true,"showFlares":true,"showImageEffects":true,"showParticleSystems":true},"in2DMode":false,"pivot":{"x":0.8541276454925537,"y":-4.240383625030518,"z":0.4777545630931854},"rotation":{"x":0.474804550409317,"y":0.5248855352401733,"z":-0.4869249761104584,"w":0.5118204951286316},"size":6.165299415588379,"orthographic":false}